<?xml version="1.0" encoding="UTF-8"?>
<beans
	xmlns="http://www.springframework.org/schema/beans"
	xmlns:xsi="http://www.w3.org/2001/XMLSchema-instance"
	xmlns:context="http://www.springframework.org/schema/context"
	xmlns:mvc="http://www.springframework.org/schema/mvc" 
	xmlns:p="http://www.springframework.org/schema/p"
	xmlns:dubbo="http://code.alibabatech.com/schema/dubbo"
	xsi:schemaLocation="http://www.springframework.org/schema/beans http://www.springframework.org/schema/beans/spring-beans.xsd
	http://www.springframework.org/schema/context 
    http://www.springframework.org/schema/context/spring-context.xsd
    http://www.springframework.org/schema/mvc 
    http://www.springframework.org/schema/mvc/spring-mvc.xsd
	http://code.alibabatech.com/schema/dubbo  
    http://code.alibabatech.com/schema/dubbo/dubbo.xsd
	">
	
	
	<mvc:annotation-driven /><!-- 使用main注册时，不使用该注解，web容器注册时使用，否则报错 Exception in thread "main" org.springframework.beans.factory.BeanCreationException: Error creating bean with name 'org.springframework.validation.beanvalidation.LocalValidatorFactoryBean#0': Invocation of init method failed; nested exception is javax.validation.ValidationException: Unable to instantiate Configuration.-->
	<!-- 消费者和服务者同时使用web注册时，只有消费者注册成功，不知道为什么 -->
	
    
	<!-- 消费方应用名，用于计算依赖关系，不是匹配条件，不要与提供方一样 -->  
    <dubbo:application name="test_controller" />  
  
    <!-- 使用zookeeper注册中心暴露服务地址 -->  
    <dubbo:registry address="zookeeper://127.0.0.1:2181" />  
  
    <!-- 要引用的服务  生成远程服务代理，可以像使用本地bean一样使用demoService -->  
    <!-- <dubbo:reference id="demoService" interface="com.test.service.DemoService" /> --><!-- 使用main注册时，使用该注解，先启动服务者，web容器注册时不使用 -->
    
    <dubbo:annotation package="com.test" /><!-- 使用main注册时，不使用该注解，web容器注册时使用 -->
    
	<!-- 自动扫描包下的所有类，使其认为spring mvc的控制器 -->
	<context:component-scan base-package="com.test" />

    <bean id="viewResolver"
          class="org.springframework.web.servlet.view.InternalResourceViewResolver " >
         <property name="viewClass" value="org.springframework.web.servlet.view.JstlView" />
        <property name="prefix">
            <value>/WEB-INF/views/</value>
        </property>
        <property name="suffix">
            <value>.jsp</value>
        </property>
        <property name="order" value="1" />
    </bean>
</beans>