<?xml version="1.0" encoding="UTF-8"?>
<beans
	xmlns="http://www.springframework.org/schema/beans"
	xmlns:xsi="http://www.w3.org/2001/XMLSchema-instance"
	xmlns:context="http://www.springframework.org/schema/context"
	xmlns:mvc="http://www.springframework.org/schema/mvc" 
	xmlns:p="http://www.springframework.org/schema/p"
	xmlns:dubbo="http://code.alibabatech.com/schema/dubbo"
	xsi:schemaLocation="http://www.springframework.org/schema/beans http://www.springframework.org/schema/beans/spring-beans.xsd
	http://www.springframework.org/schema/context 
    http://www.springframework.org/schema/context/spring-context.xsd
    http://www.springframework.org/schema/mvc 
    http://www.springframework.org/schema/mvc/spring-mvc.xsd
	http://code.alibabatech.com/schema/dubbo  
    http://code.alibabatech.com/schema/dubbo/dubbo.xsd
	">
	
	<!-- 自动扫描包下的所有类，使其认为spring mvc的控制器 -->
	<!-- <context:component-scan base-package="com.test" /> -->
	
	<!-- <mvc:annotation-driven /> -->
	
    <!-- 提供方应用信息，用于计算依赖关系 -->    
	<dubbo:application name="test_service"  />    
	<!-- 使用zookeeper注册中心暴露服务地址 -->    
	<dubbo:registry address="zookeeper://127.0.0.1:2181" />    
	<!-- 用dubbo协议在20880端口暴露服务 -->    
	<dubbo:protocol name="dubbo" port="20880" />    
	<!-- 声明需要暴露的服务接口 -->    
	<!-- <dubbo:service interface="com.test.service.DemoService" ref="demoService" /> -->
	
	<!-- <bean id="demoService" class="com.test.service.impl.DemoServiceImpl"></bean> -->
	
	<dubbo:annotation package="com.test" />
    
	<context:component-scan base-package="com.test" />

</beans>